,log_dir,frame_per_second,episode_reward,total_steps,total_episodes,total_time,actor_loss,critic_loss,target_q,success_rate
0,MetaDrive-td3combine-expt_with_safe—reuse-rb,266,175.2151783210488,1119,2,4.204295873641968,-44.005584716796875,9.999828338623047,42.953277587890625,0.5
1,MetaDrive-td3combine-expt_with_safe—reuse-rb,91,126.742789242746,2216,4,24.264755964279175,,6.487306594848633,26.804655075073242,0.25
2,MetaDrive-td3combine-expt_with_safe—reuse-rb,82,101.448053210097,3393,7,41.186233043670654,-42.51932144165039,13.602828025817871,42.79115676879883,0.14285714285714285
3,MetaDrive-td3combine-expt_with_safe—reuse-rb,77,77.67466221869026,4272,10,55.01711106300354,,5.710171699523926,40.81962585449219,0.1
4,MetaDrive-td3combine-expt_with_safe—reuse-rb,74,70.79056325158679,5057,13,67.47892498970032,-35.64777374267578,14.464849472045898,36.00740432739258,0.07692307692307693
5,MetaDrive-td3combine-expt_with_safe—reuse-rb,73,76.3802608178652,6186,15,83.86525011062622,,42.76128387451172,39.78511428833008,0.06666666666666667
6,MetaDrive-td3combine-expt_with_safe—reuse-rb,74,67.13076846255348,7554,18,101.88144207000732,,7.033538818359375,36.593631744384766,0.05555555555555555
7,MetaDrive-td3combine-expt_with_safe—reuse-rb,75,63.57635731507053,8555,19,113.71536087989807,-34.2816276550293,7.126119613647461,34.665184020996094,0.05263157894736842
8,MetaDrive-td3combine-expt_with_safe—reuse-rb,75,62.71457737135263,9394,20,124.61147499084473,,4.046378135681152,41.398719787597656,0.05
9,MetaDrive-td3combine-expt_with_safe—reuse-rb,75,59.59686018805187,10353,22,136.8848021030426,-38.77028274536133,3.910099506378174,37.69598388671875,0.045454545454545456
10,MetaDrive-td3combine-expt_with_safe—reuse-rb,75,53.59196974958874,11921,25,157.13797283172607,-41.38405227661133,3.083935260772705,41.41769790649414,0.04
11,MetaDrive-td3combine-expt_with_safe—reuse-rb,75,52.13205341698305,12112,26,159.70013403892517,,1.6463243961334229,37.3784065246582,0.038461538461538464
12,MetaDrive-td3combine-expt_with_safe—reuse-rb,72,57.580898138235696,13918,31,190.87710690498352,,28.271154403686523,33.651649475097656,0.03225806451612903
13,MetaDrive-td3combine-expt_with_safe—reuse-rb,71,58.3758776966345,14919,32,208.76206493377686,-33.91571044921875,4.173976898193359,32.446678161621094,0.03125
14,MetaDrive-td3combine-expt_with_safe—reuse-rb,71,57.93171141118013,15129,33,211.98578882217407,-35.269630432128906,3.561136484146118,35.34714889526367,0.030303030303030304
15,MetaDrive-td3combine-expt_with_safe—reuse-rb,71,56.32557527560967,16130,34,224.52797317504883,,5.723232746124268,33.04161071777344,0.029411764705882353
16,MetaDrive-td3combine-expt_with_safe—reuse-rb,71,54.63027271202442,17372,37,242.07484316825867,,4.870467662811279,35.404117584228516,0.02702702702702703
17,MetaDrive-td3combine-expt_with_safe—reuse-rb,72,54.433609595780865,18073,38,251.00378799438477,-32.70901870727539,3.227917194366455,32.496437072753906,0.02631578947368421
18,MetaDrive-td3combine-expt_with_safe—reuse-rb,71,55.87501311833385,19506,40,272.99345088005066,,1.8040165901184082,31.59621810913086,0.025
19,MetaDrive-td3combine-expt_with_safe—reuse-rb,71,60.72099920567189,20427,41,284.5022339820862,-33.75637435913086,3.9535598754882812,33.52244567871094,0.04878048780487805
20,MetaDrive-td3combine-expt_with_safe—reuse-rb,71,61.84332130849277,21428,42,299.6571099758148,,3.990535259246826,32.346412658691406,0.047619047619047616
21,MetaDrive-td3combine-expt_with_safe—reuse-rb,71,62.551347049551076,22085,43,308.32105588912964,-31.370437622070312,2.8599894046783447,30.89728546142578,0.046511627906976744
22,MetaDrive-td3combine-expt_with_safe—reuse-rb,71,64.04199785886762,23086,44,322.32319498062134,,4.278176784515381,29.2012996673584,0.045454545454545456
23,MetaDrive-td3combine-expt_with_safe—reuse-rb,71,67.39787421910744,24087,45,338.30796098709106,-29.714014053344727,5.355814456939697,29.309228897094727,0.044444444444444446
24,MetaDrive-td3combine-expt_with_safe—reuse-rb,70,71.28835164742928,25825,47,364.3127899169922,-23.916446685791016,4.028594970703125,24.232154846191406,0.0425531914893617
25,MetaDrive-td3combine-expt_with_safe—reuse-rb,70,71.57499269097481,26826,48,379.6115310192108,,2.3397927284240723,26.846118927001953,0.041666666666666664
26,MetaDrive-td3combine-expt_with_safe—reuse-rb,70,73.69912859212174,27804,49,392.579176902771,,7.673861503601074,25.484867095947266,0.04081632653061224
27,MetaDrive-td3combine-expt_with_safe—reuse-rb,70,72.41546788798792,28101,51,397.20450496673584,-23.21200180053711,15.267793655395508,22.727519989013672,0.0392156862745098
28,MetaDrive-td3combine-expt_with_safe—reuse-rb,70,79.56348431317437,29834,54,424.80024909973145,,3.4557206630706787,26.386550903320312,0.037037037037037035
29,MetaDrive-td3combine-expt_with_safe—reuse-rb,69,81.13479997953277,30396,55,434.71604084968567,,4.910312652587891,25.357385635375977,0.03636363636363636
30,MetaDrive-td3combine-expt_with_safe—reuse-rb,69,84.65920821795018,31173,57,446.34197902679443,-23.74081039428711,4.2959980964660645,23.990497589111328,0.03508771929824561
31,MetaDrive-td3combine-expt_with_safe—reuse-rb,69,85.99275366260272,32945,61,473.9801971912384,-23.80398178100586,5.604398727416992,23.323225021362305,0.03278688524590164
32,MetaDrive-td3combine-expt_with_safe—reuse-rb,69,87.27791940623321,33287,62,480.0215759277344,-24.864112854003906,2.7747108936309814,24.851430892944336,0.03225806451612903
33,MetaDrive-td3combine-expt_with_safe—reuse-rb,69,90.73979661633004,34121,64,491.81956601142883,-19.65970230102539,7.638461112976074,19.021221160888672,0.046875
34,MetaDrive-td3combine-expt_with_safe—reuse-rb,69,92.121565987418,35055,67,504.24114775657654,-19.50423812866211,7.1320037841796875,19.280048370361328,0.05970149253731343
35,MetaDrive-td3combine-expt_with_safe—reuse-rb,69,92.74408896591369,36233,72,523.6583569049835,-26.367338180541992,4.521862030029297,26.146499633789062,0.05555555555555555
36,MetaDrive-td3combine-expt_with_safe—reuse-rb,69,90.69544137680671,37029,77,536.5035119056702,-23.905012130737305,3.3798491954803467,23.674766540527344,0.05194805194805195
37,MetaDrive-td3combine-expt_with_safe—reuse-rb,68,90.81392227760149,38108,82,553.879371881485,,4.031974792480469,21.81625747680664,0.04878048780487805
38,MetaDrive-td3combine-expt_with_safe—reuse-rb,68,91.40711375157774,39277,87,571.944198846817,-22.432188034057617,2.7651100158691406,21.68806266784668,0.04597701149425287
39,MetaDrive-td3combine-expt_with_safe—reuse-rb,68,90.7594663349267,40255,90,584.6043748855591,-22.26668357849121,2.948883056640625,22.000272750854492,0.044444444444444446
40,MetaDrive-td3combine-expt_with_safe—reuse-rb,68,92.09359614898713,41016,92,594.7323110103607,,3.257298469543457,19.486669540405273,0.05434782608695652
41,MetaDrive-td3combine-expt_with_safe—reuse-rb,68,92.74176548128035,42191,94,613.4056880474091,-22.03853416442871,2.99817156791687,22.074398040771484,0.05319148936170213
42,MetaDrive-td3combine-expt_with_safe—reuse-rb,68,92.8734409862258,43192,95,632.1642880439758,,3.765955924987793,18.287195205688477,0.05263157894736842
43,MetaDrive-td3combine-expt_with_safe—reuse-rb,68,93.66681363131968,44484,98,650.5179109573364,,3.2037811279296875,20.166683197021484,0.05102040816326531
44,MetaDrive-td3combine-expt_with_safe—reuse-rb,68,94.45061390575846,45058,100,659.1597681045532,,3.7006335258483887,21.10443687438965,0.05
45,MetaDrive-td3combine-expt_with_safe—reuse-rb,68,94.40728704955811,46059,101,673.739942073822,-17.93389129638672,2.8195300102233887,17.729806900024414,0.05
46,MetaDrive-td3combine-expt_with_safe—reuse-rb,68,92.69557927605588,47157,103,688.875412940979,-20.79897117614746,2.7911417484283447,20.658191680908203,0.04
47,MetaDrive-td3combine-expt_with_safe—reuse-rb,68,95.12870173778245,48265,108,705.6824350357056,-20.769699096679688,4.7721967697143555,20.401140213012695,0.04
48,MetaDrive-td3combine-expt_with_safe—reuse-rb,68,96.70852528352208,49015,114,717.4376039505005,-21.029069900512695,3.1132254600524902,20.545785903930664,0.04
49,MetaDrive-td3combine-expt_with_safe—reuse-rb,68,98.95926592934075,50181,121,735.4664199352264,-18.895553588867188,3.153660297393799,18.557159423828125,0.04
50,MetaDrive-td3combine-expt_with_safe—reuse-rb,68,100.82728062596716,51258,123,751.6285259723663,,14.00279426574707,22.280019760131836,0.04
51,MetaDrive-td3combine-expt_with_safe—reuse-rb,67,103.1071945846771,52382,125,770.8592629432678,,2.4000136852264404,20.306137084960938,0.04
52,MetaDrive-td3combine-expt_with_safe—reuse-rb,67,104.26628191283906,53383,126,787.695806980133,-20.968900680541992,5.596693515777588,20.788650512695312,0.04
53,MetaDrive-td3combine-expt_with_safe—reuse-rb,67,104.0477970995932,54731,130,807.0764977931976,-21.612632751464844,1.951683521270752,21.44799041748047,0.04
54,MetaDrive-td3combine-expt_with_safe—reuse-rb,67,104.4913669647641,55133,131,812.6608979701996,-19.383512496948242,2.771639347076416,18.987205505371094,0.04
55,MetaDrive-td3combine-expt_with_safe—reuse-rb,67,106.83608604215294,56092,138,827.7774460315704,,3.1784133911132812,19.625526428222656,0.04
56,MetaDrive-td3combine-expt_with_safe—reuse-rb,67,107.7275748959277,57093,139,842.1729788780212,-23.537429809570312,4.480106353759766,23.440322875976562,0.04
57,MetaDrive-td3combine-expt_with_safe—reuse-rb,67,106.87341353166403,58251,144,858.543478012085,-21.874563217163086,4.21739387512207,21.936504364013672,0.04
58,MetaDrive-td3combine-expt_with_safe—reuse-rb,67,104.20685312040628,59111,147,872.6715729236603,-19.694862365722656,3.329854726791382,19.280397415161133,0.04
59,MetaDrive-td3combine-expt_with_safe—reuse-rb,67,104.30536150326944,60112,148,890.9978768825531,,6.276116371154785,18.20241355895996,0.04
60,MetaDrive-td3combine-expt_with_safe—reuse-rb,67,103.02077836297921,61698,152,914.8831100463867,,5.6731767654418945,21.350847244262695,0.04
61,MetaDrive-td3combine-expt_with_safe—reuse-rb,67,100.20986131699199,62474,155,926.7950739860535,,6.104349136352539,22.99802589416504,0.04
62,MetaDrive-td3combine-expt_with_safe—reuse-rb,67,98.94541887423819,63803,157,948.6157319545746,-21.678373336791992,6.323120594024658,21.709938049316406,0.04
63,MetaDrive-td3combine-expt_with_safe—reuse-rb,67,98.60219274485617,64881,159,964.3573770523071,-21.466007232666016,7.346341609954834,21.747669219970703,0.04
64,MetaDrive-td3combine-expt_with_safe—reuse-rb,67,96.54938140313959,65257,162,969.7701189517975,-22.54986572265625,1.9732263088226318,22.741004943847656,0.04
65,MetaDrive-td3combine-expt_with_safe—reuse-rb,67,95.50471374159855,66796,165,992.1196610927582,,5.176680564880371,18.754348754882812,0.03
66,MetaDrive-td3combine-expt_with_safe—reuse-rb,67,94.26358966853131,67242,167,998.8680229187012,,6.401625156402588,18.15377426147461,0.02
67,MetaDrive-td3combine-expt_with_safe—reuse-rb,67,93.99108246558178,68313,173,1013.6756751537323,-19.526155471801758,23.874935150146484,18.90619468688965,0.02
68,MetaDrive-td3combine-expt_with_safe—reuse-rb,67,94.5849477084333,69316,179,1029.2232592105865,,5.320402145385742,19.748004913330078,0.03
69,MetaDrive-td3combine-expt_with_safe—reuse-rb,67,95.03957200926338,70317,180,1045.1013638973236,-17.53291130065918,5.898728370666504,17.096118927001953,0.03
70,MetaDrive-td3combine-expt_with_safe—reuse-rb,67,92.55744719622928,71246,187,1060.6128151416779,,2.9870355129241943,25.458370208740234,0.03
71,MetaDrive-td3combine-expt_with_safe—reuse-rb,67,94.60049605200683,72126,191,1073.6507630348206,,5.184445381164551,20.41943359375,0.03
72,MetaDrive-td3combine-expt_with_safe—reuse-rb,67,93.74664798961884,73314,193,1092.348918914795,,7.360179901123047,20.074460983276367,0.02
73,MetaDrive-td3combine-expt_with_safe—reuse-rb,67,91.528883051405,74025,197,1102.7272210121155,-19.38493537902832,5.527795314788818,20.123430252075195,0.02
74,MetaDrive-td3combine-expt_with_safe—reuse-rb,67,91.34282884901958,75003,198,1114.3016140460968,-22.993026733398438,8.377684593200684,22.41582489013672,0.02
75,MetaDrive-td3combine-expt_with_safe—reuse-rb,67,91.50283046638599,76123,201,1132.543300151825,-20.283870697021484,6.065810203552246,19.351465225219727,0.02
76,MetaDrive-td3combine-expt_with_safe—reuse-rb,67,93.3067560172617,77237,205,1151.378394126892,-16.657115936279297,4.5536603927612305,16.375925064086914,0.02
77,MetaDrive-td3combine-expt_with_safe—reuse-rb,67,91.43594833357811,78030,210,1161.8705101013184,,3.8904337882995605,20.966142654418945,0.02
78,MetaDrive-td3combine-expt_with_safe—reuse-rb,67,92.2357405536646,79331,214,1181.3685297966003,-19.27959632873535,8.210041046142578,18.71761703491211,0.02
79,MetaDrive-td3combine-expt_with_safe—reuse-rb,67,93.78070054425436,80147,218,1193.0872597694397,-25.67729377746582,10.413311004638672,24.760286331176758,0.02
80,MetaDrive-td3combine-expt_with_safe—reuse-rb,67,92.55479297301608,81034,223,1206.6050009727478,,6.995450973510742,21.688932418823242,0.02
81,MetaDrive-td3combine-expt_with_safe—reuse-rb,66,92.37860091766728,82746,228,1235.038507938385,,7.428109169006348,19.582351684570312,0.02
82,MetaDrive-td3combine-expt_with_safe—reuse-rb,67,90.1318471602759,83207,231,1241.5361759662628,-21.671920776367188,6.393250465393066,21.19001007080078,0.02
83,MetaDrive-td3combine-expt_with_safe—reuse-rb,66,93.39373165368715,84532,235,1262.2338469028473,,5.371852874755859,23.854385375976562,0.02
84,MetaDrive-td3combine-expt_with_safe—reuse-rb,66,92.1115985229837,85091,239,1270.8913609981537,-19.429920196533203,5.201589584350586,19.30316925048828,0.02
85,MetaDrive-td3combine-expt_with_safe—reuse-rb,66,89.1549273201961,86056,245,1284.4491209983826,,5.577058792114258,22.870014190673828,0.01
86,MetaDrive-td3combine-expt_with_safe—reuse-rb,67,91.75326386846324,87025,247,1297.9677948951721,-21.79104232788086,9.867551803588867,22.19782257080078,0.01
87,MetaDrive-td3combine-expt_with_safe—reuse-rb,67,91.50583875787977,88296,250,1317.2366359233856,,4.513620853424072,21.558996200561523,0.01
88,MetaDrive-td3combine-expt_with_safe—reuse-rb,67,93.66495096493719,89097,253,1327.888757944107,-17.974464416503906,6.223586082458496,18.00489616394043,0.02
89,MetaDrive-td3combine-expt_with_safe—reuse-rb,67,93.31402929123433,90197,255,1344.6217138767242,-24.385066986083984,5.045110702514648,24.073198318481445,0.02
90,MetaDrive-td3combine-expt_with_safe—reuse-rb,67,94.12357245552143,91198,256,1359.0648629665375,,8.114990234375,21.91283416748047,0.02
91,MetaDrive-td3combine-expt_with_safe—reuse-rb,67,94.66103489958354,92260,258,1375.1799290180206,,7.278399467468262,20.5565185546875,0.02
92,MetaDrive-td3combine-expt_with_safe—reuse-rb,67,94.54461152193099,93261,259,1390.9606239795685,-23.01041603088379,7.952338218688965,22.400638580322266,0.02
93,MetaDrive-td3combine-expt_with_safe—reuse-rb,66,95.47795147147748,94468,262,1413.9118859767914,,7.684220314025879,21.57114028930664,0.02
94,MetaDrive-td3combine-expt_with_safe—reuse-rb,66,94.9130314326838,95038,264,1422.5185298919678,,9.242815017700195,25.123239517211914,0.02
95,MetaDrive-td3combine-expt_with_safe—reuse-rb,66,95.49227078239267,96039,268,1437.6738409996033,-19.029157638549805,5.798894882202148,18.475929260253906,0.02
96,MetaDrive-td3combine-expt_with_safe—reuse-rb,66,97.76799444167305,97191,272,1453.771646976471,-19.821945190429688,7.347007751464844,19.75502586364746,0.02
97,MetaDrive-td3combine-expt_with_safe—reuse-rb,66,96.42406462652988,98279,274,1471.1181030273438,-20.58540153503418,23.625247955322266,19.787124633789062,0.02
98,MetaDrive-td3combine-expt_with_safe—reuse-rb,66,96.9409462969639,99280,275,1485.3100531101227,,9.083443641662598,20.80858612060547,0.02
99,MetaDrive-td3combine-expt_with_safe—reuse-rb,66,100.36049675833573,100344,277,1498.536699771881,,4.88581657409668,24.758312225341797,0.03
100,MetaDrive-td3combine-expt_with_safe—reuse-rb,67,100.37558987522124,101067,279,1507.8815619945526,-26.17984390258789,8.905577659606934,26.52218246459961,0.03
101,MetaDrive-td3combine-expt_with_safe—reuse-rb,67,102.2897361156948,102158,282,1523.5392451286316,,7.710810661315918,24.237390518188477,0.04
102,MetaDrive-td3combine-expt_with_safe—reuse-rb,67,105.2098152296026,103218,285,1537.7209467887878,,7.291335105895996,22.390399932861328,0.04
103,MetaDrive-td3combine-expt_with_safe—reuse-rb,67,105.63008864264987,104580,290,1556.8635289669037,,8.366846084594727,25.9482479095459,0.04
104,MetaDrive-td3combine-expt_with_safe—reuse-rb,67,103.72427578397074,105274,293,1567.377762079239,,4.800922393798828,20.452930450439453,0.04
105,MetaDrive-td3combine-expt_with_safe—reuse-rb,67,102.77426900562197,106039,298,1579.0345530509949,-23.694866180419922,15.025625228881836,23.79251480102539,0.04
106,MetaDrive-td3combine-expt_with_safe—reuse-rb,67,102.24328233038176,107140,300,1597.3248398303986,,9.78811264038086,19.3732852935791,0.04
107,MetaDrive-td3combine-expt_with_safe—reuse-rb,67,102.02372063246588,108235,304,1612.8416759967804,-24.8370304107666,7.890228271484375,24.96426773071289,0.04
108,MetaDrive-td3combine-expt_with_safe—reuse-rb,67,101.28969265970194,109088,308,1627.6678109169006,,4.828549385070801,23.378076553344727,0.04
109,MetaDrive-td3combine-expt_with_safe—reuse-rb,66,102.3221995880578,110093,311,1643.3432989120483,-21.498004913330078,4.250332355499268,20.967172622680664,0.04
110,MetaDrive-td3combine-expt_with_safe—reuse-rb,66,105.28770173713902,111194,314,1659.951516866684,,9.24122428894043,20.7801570892334,0.05
111,MetaDrive-td3combine-expt_with_safe—reuse-rb,67,106.00950539144127,112001,317,1670.8458108901978,-22.255447387695312,6.535527229309082,22.527355194091797,0.06
112,MetaDrive-td3combine-expt_with_safe—reuse-rb,67,106.28200569622658,113063,321,1686.0521550178528,-22.735504150390625,5.745209217071533,22.26055145263672,0.06
113,MetaDrive-td3combine-expt_with_safe—reuse-rb,67,107.25620911950844,114645,325,1711.0434319972992,-22.725223541259766,4.608892440795898,22.4885311126709,0.06
114,MetaDrive-td3combine-expt_with_safe—reuse-rb,66,106.94129219874374,115646,326,1729.6449689865112,,4.673924446105957,24.44091033935547,0.06
115,MetaDrive-td3combine-expt_with_safe—reuse-rb,66,107.87806489650804,116417,328,1740.5345029830933,-23.56007957458496,8.062536239624023,23.4221134185791,0.06
116,MetaDrive-td3combine-expt_with_safe—reuse-rb,66,110.47423225539362,117398,330,1756.067950963974,,8.225347518920898,24.18088722229004,0.06
117,MetaDrive-td3combine-expt_with_safe—reuse-rb,66,109.82714324554217,118184,334,1767.2554259300232,,7.516374588012695,23.907224655151367,0.06
118,MetaDrive-td3combine-expt_with_safe—reuse-rb,66,109.54428045379399,119026,337,1779.4619030952454,,8.722832679748535,23.081958770751953,0.06
119,MetaDrive-td3combine-expt_with_safe—reuse-rb,66,111.23950538612033,120189,339,1797.8152120113373,-21.412385940551758,12.746204376220703,21.943504333496094,0.06
120,MetaDrive-td3combine-expt_with_safe—reuse-rb,66,113.21644901299187,121049,342,1809.8854639530182,-24.651987075805664,6.826091766357422,23.628080368041992,0.06
121,MetaDrive-td3combine-expt_with_safe—reuse-rb,66,115.04614384228098,122070,345,1823.8616099357605,,6.875085830688477,24.9727840423584,0.07
122,MetaDrive-td3combine-expt_with_safe—reuse-rb,66,114.51972106087702,123036,349,1837.6556100845337,,14.413850784301758,24.060049057006836,0.08
123,MetaDrive-td3combine-expt_with_safe—reuse-rb,66,111.34480706137334,124087,355,1853.5650050640106,-25.357439041137695,6.111879348754883,24.69623374938965,0.07
124,MetaDrive-td3combine-expt_with_safe—reuse-rb,66,110.25064948630985,125072,360,1868.8906481266022,,8.94740104675293,27.248945236206055,0.07
125,MetaDrive-td3combine-expt_with_safe—reuse-rb,66,108.25152460057187,126002,365,1882.4038789272308,,13.583185195922852,25.97772789001465,0.07
126,MetaDrive-td3combine-expt_with_safe—reuse-rb,67,108.36248421129768,127560,371,1903.4062461853027,,6.403944492340088,25.279468536376953,0.07
127,MetaDrive-td3combine-expt_with_safe—reuse-rb,67,106.74186962451779,128260,375,1914.0790288448334,,11.240814208984375,23.028234481811523,0.07
128,MetaDrive-td3combine-expt_with_safe—reuse-rb,66,105.57106363175329,129584,377,1935.6692321300507,,5.352555751800537,21.65351676940918,0.06
129,MetaDrive-td3combine-expt_with_safe—reuse-rb,66,103.75970808721229,130127,380,1943.75812292099,-22.606088638305664,10.118280410766602,22.514833450317383,0.05
130,MetaDrive-td3combine-expt_with_safe—reuse-rb,66,102.17086093519949,131237,384,1961.4317607879639,-26.839235305786133,6.514008045196533,26.57294464111328,0.04
131,MetaDrive-td3combine-expt_with_safe—reuse-rb,66,100.81981223614581,132111,386,1974.805496931076,-24.74530792236328,5.667387008666992,24.93242835998535,0.04
132,MetaDrive-td3combine-expt_with_safe—reuse-rb,66,99.84300194382693,133339,390,1994.3142609596252,-27.555828094482422,12.419397354125977,26.829261779785156,0.04
133,MetaDrive-td3combine-expt_with_safe—reuse-rb,66,101.5635569736827,134046,392,2005.6351747512817,,16.52770233154297,24.860586166381836,0.04
134,MetaDrive-td3combine-expt_with_safe—reuse-rb,66,104.60326767165327,135794,396,2031.800215959549,,13.002351760864258,24.3629150390625,0.04
135,MetaDrive-td3combine-expt_with_safe—reuse-rb,66,105.22036464552465,136083,397,2036.246239900589,-25.067546844482422,6.925502300262451,24.45862579345703,0.04
136,MetaDrive-td3combine-expt_with_safe—reuse-rb,66,104.6876189632552,137076,400,2051.222141981125,,9.40845012664795,28.31686782836914,0.04
137,MetaDrive-td3combine-expt_with_safe—reuse-rb,66,104.97122292530838,138092,404,2067.076280117035,,9.119058609008789,25.816423416137695,0.04
138,MetaDrive-td3combine-expt_with_safe—reuse-rb,66,107.36283643935688,139436,409,2086.3152990341187,,10.567771911621094,23.55888557434082,0.04
139,MetaDrive-td3combine-expt_with_safe—reuse-rb,66,107.08552922534518,140370,410,2099.749326944351,,9.156198501586914,26.83576011657715,0.04
140,MetaDrive-td3combine-expt_with_safe—reuse-rb,66,104.88801163128954,141050,413,2108.6789360046387,,11.220613479614258,29.124330520629883,0.03
141,MetaDrive-td3combine-expt_with_safe—reuse-rb,66,106.29893723749197,142219,416,2126.802691936493,-23.629674911499023,7.3791422843933105,23.31315040588379,0.03
142,MetaDrive-td3combine-expt_with_safe—reuse-rb,66,105.82930620340375,143648,418,2147.5764951705933,,6.642401218414307,26.63951301574707,0.03
143,MetaDrive-td3combine-expt_with_safe—reuse-rb,66,106.29977675503517,144129,420,2154.535458087921,-23.47480010986328,3.6173410415649414,23.77951431274414,0.03
144,MetaDrive-td3combine-expt_with_safe—reuse-rb,66,106.9000567581213,145227,422,2173.948580980301,-27.390308380126953,12.630736351013184,27.03272819519043,0.03
145,MetaDrive-td3combine-expt_with_safe—reuse-rb,66,106.69766655967524,146052,426,2186.053970813751,,7.517022132873535,26.14337921142578,0.03
146,MetaDrive-td3combine-expt_with_safe—reuse-rb,66,107.03035426464017,147054,429,2200.5616409778595,,7.4255218505859375,24.185604095458984,0.04
147,MetaDrive-td3combine-expt_with_safe—reuse-rb,66,106.62690146176125,148413,434,2221.214254140854,-25.36056900024414,7.136142730712891,24.171289443969727,0.04
148,MetaDrive-td3combine-expt_with_safe—reuse-rb,66,108.61487631943244,149183,436,2232.0650889873505,-25.818220138549805,5.511083602905273,25.30614471435547,0.05
149,MetaDrive-td3combine-expt_with_safe—reuse-rb,66,106.4394405956792,150301,441,2248.575236082077,-25.02593994140625,21.022558212280273,25.27037811279297,0.05
150,MetaDrive-td3combine-expt_with_safe—reuse-rb,66,103.98803013298878,151257,444,2263.1856129169464,-22.870723724365234,10.99397087097168,22.796537399291992,0.04
151,MetaDrive-td3combine-expt_with_safe—reuse-rb,66,105.71377034639472,152014,448,2273.7313480377197,,6.875083923339844,28.027015686035156,0.04
152,MetaDrive-td3combine-expt_with_safe—reuse-rb,66,105.32130730826819,153082,452,2289.532774209976,,9.195672035217285,25.192319869995117,0.03
153,MetaDrive-td3combine-expt_with_safe—reuse-rb,66,103.96468925131387,154207,459,2307.132490873337,-24.594383239746094,7.482646942138672,24.00196075439453,0.03
154,MetaDrive-td3combine-expt_with_safe—reuse-rb,66,103.96022448095913,155074,464,2320.0815527439117,,8.779448509216309,25.968997955322266,0.03
155,MetaDrive-td3combine-expt_with_safe—reuse-rb,66,103.43380927891342,156092,470,2336.2744381427765,,11.186899185180664,27.577116012573242,0.03
156,MetaDrive-td3combine-expt_with_safe—reuse-rb,66,105.53219196951076,157126,473,2352.775941133499,,5.4566969871521,27.21515655517578,0.03
157,MetaDrive-td3combine-expt_with_safe—reuse-rb,66,106.1222301048593,158026,476,2364.863051891327,,11.779993057250977,25.291322708129883,0.03
158,MetaDrive-td3combine-expt_with_safe—reuse-rb,66,108.37241935874452,159133,479,2383.2179367542267,-23.411893844604492,7.939064979553223,23.95977783203125,0.03
159,MetaDrive-td3combine-expt_with_safe—reuse-rb,66,105.91288256853132,160626,484,2408.8875529766083,,12.595142364501953,23.315113067626953,0.03
160,MetaDrive-td3combine-expt_with_safe—reuse-rb,66,108.22106166072999,161086,485,2414.5230650901794,,5.365146160125732,25.547515869140625,0.04
161,MetaDrive-td3combine-expt_with_safe—reuse-rb,66,109.3725456690556,162068,489,2427.881468772888,,84.90306091308594,24.987224578857422,0.04
162,MetaDrive-td3combine-expt_with_safe—reuse-rb,66,110.19880966123814,163315,493,2447.563852071762,-25.927343368530273,6.8314714431762695,25.92563819885254,0.04
163,MetaDrive-td3combine-expt_with_safe—reuse-rb,66,107.9432855553098,164128,498,2460.0052411556244,,9.188932418823242,26.23695945739746,0.04
164,MetaDrive-td3combine-expt_with_safe—reuse-rb,66,104.86014448130811,165040,504,2473.6636180877686,,6.566540241241455,30.150619506835938,0.04
165,MetaDrive-td3combine-expt_with_safe—reuse-rb,66,101.98271599258364,166138,510,2490.1845638751984,,11.715653419494629,22.9235897064209,0.04
166,MetaDrive-td3combine-expt_with_safe—reuse-rb,66,106.56774808737217,167491,513,2509.9552330970764,-25.876354217529297,10.059513092041016,26.373531341552734,0.06
167,MetaDrive-td3combine-expt_with_safe—reuse-rb,66,105.04632495878232,168010,516,2519.0665588378906,,13.192510604858398,22.527420043945312,0.06
168,MetaDrive-td3combine-expt_with_safe—reuse-rb,66,98.12418043494205,169120,523,2537.2506940364838,,10.381220817565918,29.11566162109375,0.05
169,MetaDrive-td3combine-expt_with_safe—reuse-rb,66,97.26349988220598,170681,529,2559.64679813385,-27.978702545166016,9.766559600830078,28.81018829345703,0.05
170,MetaDrive-td3combine-expt_with_safe—reuse-rb,66,97.46885896759717,171051,531,2565.960876941681,-28.78482437133789,9.390348434448242,28.429079055786133,0.05
171,MetaDrive-td3combine-expt_with_safe—reuse-rb,66,98.75646506095006,172075,534,2579.8307650089264,-28.534072875976562,6.5802202224731445,28.739736557006836,0.06
172,MetaDrive-td3combine-expt_with_safe—reuse-rb,66,98.31221564360426,173176,536,2594.614158153534,,15.815202713012695,26.10708999633789,0.05
173,MetaDrive-td3combine-expt_with_safe—reuse-rb,66,100.29082756349311,174216,540,2610.364518880844,,9.956792831420898,29.049421310424805,0.05
174,MetaDrive-td3combine-expt_with_safe—reuse-rb,66,103.21249674570275,175928,543,2633.713485956192,,22.402462005615234,25.196617126464844,0.07
175,MetaDrive-td3combine-expt_with_safe—reuse-rb,66,103.95914193804936,176646,544,2644.8573050498962,,10.400104522705078,28.387731552124023,0.07
176,MetaDrive-td3combine-expt_with_safe—reuse-rb,66,103.18079313745282,177312,546,2654.6920959949493,,7.933895111083984,25.558757781982422,0.07
177,MetaDrive-td3combine-expt_with_safe—reuse-rb,66,104.67832866177417,178029,548,2664.4115991592407,-24.042219161987305,8.576034545898438,24.640453338623047,0.08
178,MetaDrive-td3combine-expt_with_safe—reuse-rb,66,106.09448959409258,179214,551,2681.9928719997406,,7.573869705200195,26.7896785736084,0.08
179,MetaDrive-td3combine-expt_with_safe—reuse-rb,66,107.03639605980432,180239,554,2698.659782886505,-25.508577346801758,7.567337512969971,24.39990234375,0.08
180,MetaDrive-td3combine-expt_with_safe—reuse-rb,66,109.1135749302555,181236,556,2713.7309260368347,,11.573236465454102,31.267559051513672,0.08
181,MetaDrive-td3combine-expt_with_safe—reuse-rb,66,110.93922438393156,182008,559,2726.1828331947327,,20.425804138183594,25.224130630493164,0.08
182,MetaDrive-td3combine-expt_with_safe—reuse-rb,66,111.98264130358837,183104,563,2743.643557071686,,4.468690395355225,29.88640594482422,0.08
183,MetaDrive-td3combine-expt_with_safe—reuse-rb,66,115.14116807662447,184395,568,2764.205003976822,-26.116783142089844,8.490839004516602,25.699234008789062,0.08
184,MetaDrive-td3combine-expt_with_safe—reuse-rb,66,114.02958171737882,185128,572,2775.6455998420715,,7.742658615112305,25.78268814086914,0.08
185,MetaDrive-td3combine-expt_with_safe—reuse-rb,66,115.63260219869849,186071,574,2789.3127710819244,-26.28655242919922,20.114377975463867,26.600011825561523,0.08
186,MetaDrive-td3combine-expt_with_safe—reuse-rb,66,112.1837255550233,187019,579,2803.2100129127502,-28.558460235595703,7.4427409172058105,27.705320358276367,0.08
187,MetaDrive-td3combine-expt_with_safe—reuse-rb,66,114.08207694516528,188411,584,2826.121654987335,-27.627639770507812,10.01099681854248,26.55779266357422,0.08
188,MetaDrive-td3combine-expt_with_safe—reuse-rb,66,113.13617432993368,189286,586,2839.935632944107,,7.513400077819824,27.31847381591797,0.07
189,MetaDrive-td3combine-expt_with_safe—reuse-rb,66,112.02829409999765,190092,589,2853.369579076767,,14.135581016540527,27.013744354248047,0.07
190,MetaDrive-td3combine-expt_with_safe—reuse-rb,66,111.55360334893639,191035,591,2867.0877599716187,-28.817768096923828,9.127330780029297,28.043306350708008,0.07
191,MetaDrive-td3combine-expt_with_safe—reuse-rb,66,111.86510580408398,192316,594,2887.126366853714,,11.248174667358398,32.82222366333008,0.07
192,MetaDrive-td3combine-expt_with_safe—reuse-rb,66,113.27506118990974,193965,597,2916.959969997406,-26.299823760986328,8.664904594421387,25.888545989990234,0.07
193,MetaDrive-td3combine-expt_with_safe—reuse-rb,66,113.28744930926568,194212,598,2920.7418518066406,,15.020584106445312,28.79000473022461,0.07
194,MetaDrive-td3combine-expt_with_safe—reuse-rb,66,115.38223824671266,195105,600,2934.165636062622,-27.34148597717285,8.349161148071289,26.67268943786621,0.08
195,MetaDrive-td3combine-expt_with_safe—reuse-rb,66,116.25824677926293,196171,605,2949.975425004959,-30.220443725585938,10.713476181030273,30.569110870361328,0.08
196,MetaDrive-td3combine-expt_with_safe—reuse-rb,66,118.24761537344648,197264,609,2967.035635948181,,7.579331398010254,28.27813720703125,0.08
197,MetaDrive-td3combine-expt_with_safe—reuse-rb,66,118.10960983721716,198006,612,2978.45658993721,,12.4833984375,27.085798263549805,0.07
198,MetaDrive-td3combine-expt_with_safe—reuse-rb,66,115.08762190979196,199179,614,2997.881403207779,-30.851268768310547,13.390748977661133,29.400314331054688,0.06
199,MetaDrive-td3combine-expt_with_safe—reuse-rb,66,118.13240788501294,200254,617,3015.3118782043457,,8.083698272705078,28.198400497436523,0.06
200,MetaDrive-td3combine-expt_with_safe—reuse-rb,66,120.61436091539315,201166,619,3028.6658930778503,,8.919239044189453,25.09339141845703,0.06
201,MetaDrive-td3combine-expt_with_safe—reuse-rb,66,122.51260097028027,202261,622,3046.8977539539337,-31.087495803833008,6.154619216918945,30.763145446777344,0.06
202,MetaDrive-td3combine-expt_with_safe—reuse-rb,66,125.92358076186018,203375,625,3063.677332878113,-31.054645538330078,13.393651962280273,30.21970558166504,0.07
203,MetaDrive-td3combine-expt_with_safe—reuse-rb,66,127.86432370150239,204220,628,3075.301959991455,,8.968488693237305,31.002126693725586,0.08
204,MetaDrive-td3combine-expt_with_safe—reuse-rb,66,125.98032194969164,205138,632,3089.728173017502,,15.527841567993164,32.596961975097656,0.07
205,MetaDrive-td3combine-expt_with_safe—reuse-rb,66,126.19677197535214,206799,635,3117.1012558937073,-32.3197021484375,9.55997085571289,32.4299430847168,0.06
206,MetaDrive-td3combine-expt_with_safe—reuse-rb,66,124.70967040231112,207474,636,3128.8282339572906,,10.440143585205078,29.97606658935547,0.06
207,MetaDrive-td3combine-expt_with_safe—reuse-rb,66,126.15277943171888,208827,638,3156.0871348381042,-28.43495750427246,10.0293550491333,27.76458740234375,0.06
208,MetaDrive-td3combine-expt_with_safe—reuse-rb,66,126.95095820949403,209199,639,3161.748732805252,-31.33179473876953,11.641130447387695,30.577163696289062,0.06
209,MetaDrive-td3combine-expt_with_safe—reuse-rb,66,121.75461465314439,210176,644,3178.9331879615784,,6.042820453643799,25.94766616821289,0.04
210,MetaDrive-td3combine-expt_with_safe—reuse-rb,66,119.96733364816299,211038,648,3192.851031064987,,17.181718826293945,31.38961410522461,0.03
211,MetaDrive-td3combine-expt_with_safe—reuse-rb,66,119.4236380229218,212542,652,3215.371068954468,,10.197203636169434,31.85538101196289,0.03
212,MetaDrive-td3combine-expt_with_safe—reuse-rb,66,117.33795054340386,213163,655,3224.793394804001,-28.91510009765625,7.671600341796875,28.735084533691406,0.03
213,MetaDrive-td3combine-expt_with_safe—reuse-rb,66,116.67625551378457,214136,658,3241.6188621520996,,3.6596391201019287,29.232454299926758,0.03
214,MetaDrive-td3combine-expt_with_safe—reuse-rb,66,118.04634435075076,215643,661,3266.65461397171,-31.612998962402344,12.61669921875,31.836875915527344,0.04
215,MetaDrive-td3combine-expt_with_safe—reuse-rb,65,118.06585086595574,216212,663,3276.264794111252,,7.825553894042969,32.27382278442383,0.04
216,MetaDrive-td3combine-expt_with_safe—reuse-rb,65,119.08112819730285,217006,665,3291.2211771011353,,9.47465705871582,25.997167587280273,0.04
217,MetaDrive-td3combine-expt_with_safe—reuse-rb,65,120.08421683523642,218430,668,3313.0609169006348,,14.805746078491211,30.570526123046875,0.05
218,MetaDrive-td3combine-expt_with_safe—reuse-rb,65,120.39719744254039,219048,671,3324.4627130031586,,14.645292282104492,30.8542537689209,0.05
219,MetaDrive-td3combine-expt_with_safe—reuse-rb,65,116.81829095269617,220308,675,3343.889191865921,,9.9320068359375,28.63722801208496,0.05
220,MetaDrive-td3combine-expt_with_safe—reuse-rb,65,118.26442527742479,221135,678,3356.3010261058807,-32.14287185668945,14.345874786376953,31.827194213867188,0.06
221,MetaDrive-td3combine-expt_with_safe—reuse-rb,65,119.37792561752192,222059,683,3373.395096063614,-27.601308822631836,4.504734992980957,27.527334213256836,0.06
222,MetaDrive-td3combine-expt_with_safe—reuse-rb,65,119.74393615545965,223293,687,3394.1610989570618,-29.930740356445312,5.862380027770996,30.010709762573242,0.06
223,MetaDrive-td3combine-expt_with_safe—reuse-rb,65,119.1188374571747,224162,691,3409.3925790786743,,95.01416015625,31.972524642944336,0.06
224,MetaDrive-td3combine-expt_with_safe—reuse-rb,65,118.88648049124791,225776,696,3434.8598761558533,,18.592449188232422,31.39024543762207,0.07
225,MetaDrive-td3combine-expt_with_safe—reuse-rb,65,118.43915424011664,226058,697,3439.2873640060425,,7.34738826751709,27.594512939453125,0.07
226,MetaDrive-td3combine-expt_with_safe—reuse-rb,65,116.49954642040379,227091,702,3456.6313519477844,-27.021194458007812,14.216440200805664,26.164669036865234,0.06
227,MetaDrive-td3combine-expt_with_safe—reuse-rb,65,116.84408325312857,228464,707,3480.775550842285,,12.491252899169922,24.916675567626953,0.06
228,MetaDrive-td3combine-expt_with_safe—reuse-rb,65,116.76850167128168,229250,710,3492.1378412246704,,12.641866683959961,32.6041374206543,0.06
229,MetaDrive-td3combine-expt_with_safe—reuse-rb,65,112.9604152740924,230061,715,3504.712133169174,-27.666488647460938,7.363353729248047,28.29487419128418,0.06
230,MetaDrive-td3combine-expt_with_safe—reuse-rb,65,112.14672501539512,231413,719,3526.5815160274506,-26.180870056152344,7.883646011352539,26.568714141845703,0.06
231,MetaDrive-td3combine-expt_with_safe—reuse-rb,65,111.67445618127,232011,721,3536.635603904724,-32.83970260620117,13.97099494934082,32.14018630981445,0.06
232,MetaDrive-td3combine-expt_with_safe—reuse-rb,65,110.27903442276256,233291,725,3560.633756875992,-30.719797134399414,11.169233322143555,30.033185958862305,0.05
233,MetaDrive-td3combine-expt_with_safe—reuse-rb,65,108.9857170847423,234071,729,3572.05144906044,-27.620187759399414,10.699361801147461,27.621173858642578,0.04
234,MetaDrive-td3combine-expt_with_safe—reuse-rb,65,108.23592889911059,235177,734,3589.287440776825,-34.09515380859375,7.876674652099609,33.89994430541992,0.04
235,MetaDrive-td3combine-expt_with_safe—reuse-rb,65,101.2358562881455,236045,741,3604.50061583519,-34.8998908996582,12.124930381774902,33.7580680847168,0.04
236,MetaDrive-td3combine-expt_with_safe—reuse-rb,65,99.91302020812778,237168,747,3624.689038991928,,8.477445602416992,26.96537208557129,0.04
237,MetaDrive-td3combine-expt_with_safe—reuse-rb,65,100.94727614858385,238063,751,3639.6753690242767,-26.335676193237305,39.81611633300781,25.490354537963867,0.04
238,MetaDrive-td3combine-expt_with_safe—reuse-rb,65,101.03985937207457,239006,754,3655.125191926956,,8.414138793945312,31.081199645996094,0.05
239,MetaDrive-td3combine-expt_with_safe—reuse-rb,65,100.19284236270003,240061,759,3674.110722064972,-27.54595184326172,10.480362892150879,27.077537536621094,0.05
240,MetaDrive-td3combine-expt_with_safe—reuse-rb,65,97.06230736600736,241331,764,3697.4912428855896,-28.058277130126953,8.619440078735352,27.766189575195312,0.04
241,MetaDrive-td3combine-expt_with_safe—reuse-rb,65,94.60561684197044,242172,768,3711.4464750289917,,6.5042290687561035,33.97599411010742,0.03
242,MetaDrive-td3combine-expt_with_safe—reuse-rb,65,94.56635738496118,243072,774,3728.1190469264984,,13.194229125976562,27.151161193847656,0.03
243,MetaDrive-td3combine-expt_with_safe—reuse-rb,65,94.72907385007204,244091,777,3748.2405519485474,-28.038902282714844,11.1114501953125,28.601552963256836,0.02
244,MetaDrive-td3combine-expt_with_safe—reuse-rb,65,92.36735305623108,245400,782,3772.094216823578,,14.99670696258545,30.219532012939453,0.02
245,MetaDrive-td3combine-expt_with_safe—reuse-rb,64,93.7431411951903,246401,783,3791.268131017685,-30.832298278808594,11.871450424194336,30.96381187438965,0.02
246,MetaDrive-td3combine-expt_with_safe—reuse-rb,64,96.48337277940918,247038,785,3803.1599128246307,,15.440293312072754,30.366901397705078,0.02
247,MetaDrive-td3combine-expt_with_safe—reuse-rb,64,94.1922044153079,248091,790,3821.7739939689636,-30.713062286376953,14.894357681274414,29.251815795898438,0.02
248,MetaDrive-td3combine-expt_with_safe—reuse-rb,64,95.568561380666,249185,795,3840.2189989089966,-29.723283767700195,7.172530174255371,29.567886352539062,0.02
249,MetaDrive-td3combine-expt_with_safe—reuse-rb,64,92.3683251781895,250153,801,3857.4561908245087,-27.376689910888672,8.431478500366211,26.98515510559082,0.01
250,MetaDrive-td3combine-expt_with_safe—reuse-rb,64,92.10669700097773,251087,805,3875.332671880722,-32.15256881713867,8.926196098327637,31.496910095214844,0.01
251,MetaDrive-td3combine-expt_with_safe—reuse-rb,64,92.95355257667465,252144,809,3894.616712808609,,6.0562615394592285,27.753145217895508,0.01
252,MetaDrive-td3combine-expt_with_safe—reuse-rb,64,92.20185850170694,253003,814,3908.812810897827,-31.013729095458984,6.17646598815918,30.28423500061035,0.01
253,MetaDrive-td3combine-expt_with_safe—reuse-rb,64,91.52251215027077,254178,819,3927.7279090881348,,14.668394088745117,27.03476905822754,0.01
254,MetaDrive-td3combine-expt_with_safe—reuse-rb,64,91.46553269720499,255311,822,3948.0051329135895,-26.39320182800293,12.287532806396484,26.680927276611328,0.01
255,MetaDrive-td3combine-expt_with_safe—reuse-rb,64,93.39649355532057,256102,823,3960.289398908615,,8.339889526367188,32.1718635559082,0.02
256,MetaDrive-td3combine-expt_with_safe—reuse-rb,64,94.21593193998905,257090,826,3977.3994948863983,,15.937616348266602,28.169586181640625,0.02
257,MetaDrive-td3combine-expt_with_safe—reuse-rb,64,93.45614308398994,258082,830,3994.730768918991,,19.33243179321289,28.274154663085938,0.02
258,MetaDrive-td3combine-expt_with_safe—reuse-rb,64,94.49544569391526,259329,834,4019.4482760429382,-30.099300384521484,13.625728607177734,29.45724105834961,0.02
259,MetaDrive-td3combine-expt_with_safe—reuse-rb,64,96.26994977348977,260286,837,4037.0833258628845,,9.166170120239258,25.807594299316406,0.02
260,MetaDrive-td3combine-expt_with_safe—reuse-rb,64,98.94087751965606,261843,841,4070.125324010849,-32.05454635620117,9.152019500732422,31.71472930908203,0.02
261,MetaDrive-td3combine-expt_with_safe—reuse-rb,64,97.88597742307917,262004,843,4072.914645910263,,7.6575927734375,32.1259765625,0.02
262,MetaDrive-td3combine-expt_with_safe—reuse-rb,64,98.52134314306619,263210,848,4096.308146953583,,12.391115188598633,28.306406021118164,0.02
263,MetaDrive-td3combine-expt_with_safe—reuse-rb,64,100.79029741705385,264193,850,4113.138561964035,-33.21168899536133,11.028343200683594,32.87682342529297,0.03
264,MetaDrive-td3combine-expt_with_safe—reuse-rb,64,99.83695894849338,265047,853,4126.32319688797,-27.533489227294922,10.684289932250977,27.66324234008789,0.03
265,MetaDrive-td3combine-expt_with_safe—reuse-rb,64,100.4421260202054,266156,857,4145.943386077881,,14.31190299987793,29.21222686767578,0.03
266,MetaDrive-td3combine-expt_with_safe—reuse-rb,64,100.03373275619255,267322,862,4169.541020870209,,9.591903686523438,31.145227432250977,0.03
267,MetaDrive-td3combine-expt_with_safe—reuse-rb,64,99.92619142871325,268249,865,4185.406409025192,-29.689266204833984,29.909982681274414,29.414960861206055,0.03
268,MetaDrive-td3combine-expt_with_safe—reuse-rb,64,99.66701348877719,269669,868,4209.920259952545,-30.55021858215332,15.421233177185059,29.803544998168945,0.03
269,MetaDrive-td3combine-expt_with_safe—reuse-rb,64,101.15938563319469,270500,871,4224.870100021362,,9.770340919494629,32.53050231933594,0.03
270,MetaDrive-td3combine-expt_with_safe—reuse-rb,63,102.01944312826103,271201,874,4239.736541986465,-28.1444149017334,27.024133682250977,28.83328628540039,0.03
271,MetaDrive-td3combine-expt_with_safe—reuse-rb,63,100.42295764655366,272050,878,4256.383974790573,,5.976707935333252,32.79856872558594,0.03
272,MetaDrive-td3combine-expt_with_safe—reuse-rb,63,100.53926405601239,273222,882,4279.354075908661,,6.455031394958496,27.496597290039062,0.03
273,MetaDrive-td3combine-expt_with_safe—reuse-rb,63,100.65992595984095,274351,885,4301.3910779953,-32.92374801635742,17.76076889038086,31.962923049926758,0.03
274,MetaDrive-td3combine-expt_with_safe—reuse-rb,63,103.50094549257203,275539,887,4323.495200872421,-28.798551559448242,10.12893295288086,28.456462860107422,0.03
275,MetaDrive-td3combine-expt_with_safe—reuse-rb,63,99.68500685989757,276018,891,4332.035244941711,,5.935107231140137,27.886627197265625,0.03
276,MetaDrive-td3combine-expt_with_safe—reuse-rb,63,100.2589421999526,277145,895,4353.891569137573,-28.917240142822266,15.417728424072266,28.968149185180664,0.03
277,MetaDrive-td3combine-expt_with_safe—reuse-rb,63,101.82981210183898,278074,899,4371.2644419670105,,17.56540298461914,33.44994354248047,0.03
278,MetaDrive-td3combine-expt_with_safe—reuse-rb,63,100.35069178935706,279031,904,4389.523482084274,-27.423274993896484,10.463592529296875,27.716440200805664,0.03
279,MetaDrive-td3combine-expt_with_safe—reuse-rb,63,98.27218539271826,280093,910,4411.712849855423,-30.675872802734375,6.6033124923706055,29.79409408569336,0.03
280,MetaDrive-td3combine-expt_with_safe—reuse-rb,63,102.264158690937,281442,913,4435.815066099167,,11.7239408493042,30.911094665527344,0.04
281,MetaDrive-td3combine-expt_with_safe—reuse-rb,63,102.40944312111773,282099,915,4449.083616018295,-32.979190826416016,14.636028289794922,32.973506927490234,0.04
282,MetaDrive-td3combine-expt_with_safe—reuse-rb,63,102.4317863764877,283200,919,4468.1872889995575,,8.573110580444336,29.74697494506836,0.04
283,MetaDrive-td3combine-expt_with_safe—reuse-rb,63,98.55819493407427,284080,923,4484.261006116867,,7.6272196769714355,34.89857864379883,0.03
284,MetaDrive-td3combine-expt_with_safe—reuse-rb,63,97.84439926242555,285006,927,4502.1377630233765,,11.3065824508667,32.3387565612793,0.03
285,MetaDrive-td3combine-expt_with_safe—reuse-rb,63,98.5889294019345,286096,930,4526.1149299144745,,23.898193359375,27.683847427368164,0.03
286,MetaDrive-td3combine-expt_with_safe—reuse-rb,63,98.86112820992209,287138,934,4547.942203044891,,13.147769927978516,32.924991607666016,0.03
287,MetaDrive-td3combine-expt_with_safe—reuse-rb,63,98.33838159378936,288115,937,4566.856208086014,-29.190216064453125,14.850566864013672,28.68160057067871,0.03
288,MetaDrive-td3combine-expt_with_safe—reuse-rb,63,97.88064929733811,289048,941,4584.610913038254,,6.256641387939453,31.947734832763672,0.03
289,MetaDrive-td3combine-expt_with_safe—reuse-rb,63,98.92794569231566,290170,946,4603.477854013443,,13.195564270019531,30.341890335083008,0.03
290,MetaDrive-td3combine-expt_with_safe—reuse-rb,63,94.1213492491468,291105,951,4620.621129989624,-27.844898223876953,9.889394760131836,26.947824478149414,0.01
291,MetaDrive-td3combine-expt_with_safe—reuse-rb,62,94.73539176918732,292190,956,4643.586620807648,,11.639196395874023,28.080625534057617,0.01
292,MetaDrive-td3combine-expt_with_safe—reuse-rb,62,95.92568345830317,293143,958,4663.188590049744,-32.046138763427734,22.051258087158203,31.389772415161133,0.01
293,MetaDrive-td3combine-expt_with_safe—reuse-rb,62,94.63239839282296,294015,963,4678.108202934265,-32.390724182128906,8.050233840942383,32.6793327331543,0.01
294,MetaDrive-td3combine-expt_with_safe—reuse-rb,62,93.95960634194873,295276,970,4700.661366939545,,86.35111236572266,32.72883224487305,0.01
295,MetaDrive-td3combine-expt_with_safe—reuse-rb,62,91.40501419172881,296099,974,4716.531005859375,-30.85801887512207,13.780949592590332,30.302194595336914,0.01
296,MetaDrive-td3combine-expt_with_safe—reuse-rb,62,91.3775408988227,297061,978,4734.015602827072,-31.601848602294922,9.990726470947266,30.34404754638672,0.01
297,MetaDrive-td3combine-expt_with_safe—reuse-rb,62,88.23775384612127,298597,984,4764.8991820812225,-31.632482528686523,8.776036262512207,31.115921020507812,0.01
298,MetaDrive-td3combine-expt_with_safe—reuse-rb,62,85.05657871794956,299226,987,4776.402831077576,,20.602861404418945,31.30475616455078,0.01
299,MetaDrive-td3combine-expt_with_safe—reuse-rb,62,85.49842770011595,300015,992,4789.779515743256,-32.293922424316406,8.291901588439941,31.668350219726562,0.01
300,MetaDrive-td3combine-expt_with_safe—reuse-rb,62,86.06884643402844,301055,997,4810.040934801102,-35.4398307800293,9.601114273071289,34.90333938598633,0.01
301,MetaDrive-td3combine-expt_with_safe—reuse-rb,62,85.88479829296003,302079,1000,4833.100208044052,-32.282073974609375,8.04089641571045,31.032251358032227,0.01
302,MetaDrive-td3combine-expt_with_safe—reuse-rb,62,87.03537086854905,303082,1002,4854.786517858505,,24.927959442138672,32.54486083984375,0.01
303,MetaDrive-td3combine-expt_with_safe—reuse-rb,62,89.1575676781264,304079,1006,4873.778074026108,-32.64799880981445,14.582843780517578,32.67254638671875,0.01
304,MetaDrive-td3combine-expt_with_safe—reuse-rb,62,89.47050214434802,305085,1010,4892.827782869339,-31.02682876586914,11.91572380065918,30.552268981933594,0.01
305,MetaDrive-td3combine-expt_with_safe—reuse-rb,62,84.62108293926923,306351,1016,4915.922689914703,-34.263912200927734,20.88013458251953,33.493553161621094,0.0
306,MetaDrive-td3combine-expt_with_safe—reuse-rb,62,85.70146305176495,307004,1018,4927.823814153671,,18.89087677001953,29.070598602294922,0.0
307,MetaDrive-td3combine-expt_with_safe—reuse-rb,62,83.75962786015023,308221,1024,4949.601495981216,-29.078575134277344,12.795089721679688,28.09202766418457,0.0
308,MetaDrive-td3combine-expt_with_safe—reuse-rb,62,84.82128592527975,309283,1026,4971.387418985367,-31.931514739990234,7.5010223388671875,31.75922966003418,0.0
309,MetaDrive-td3combine-expt_with_safe—reuse-rb,62,82.6259165643947,310083,1031,4986.107906103134,-29.61734390258789,7.748342514038086,29.597305297851562,0.0
310,MetaDrive-td3combine-expt_with_safe—reuse-rb,62,81.9968360669725,311037,1034,5005.028825998306,-29.18292236328125,6.234203338623047,28.778079986572266,0.0
311,MetaDrive-td3combine-expt_with_safe—reuse-rb,62,81.68111328318281,312226,1040,5028.788945913315,,10.92923355102539,34.78782653808594,0.0
312,MetaDrive-td3combine-expt_with_safe—reuse-rb,62,82.45759609652241,313207,1044,5048.899088144302,-33.061824798583984,17.79050064086914,32.608787536621094,0.0
313,MetaDrive-td3combine-expt_with_safe—reuse-rb,61,81.46195099520354,314249,1049,5070.4511840343475,-32.36552810668945,15.632454872131348,32.463844299316406,0.0
314,MetaDrive-td3combine-expt_with_safe—reuse-rb,61,82.2151833737269,315101,1052,5087.874806880951,-30.39158058166504,9.200848579406738,29.440692901611328,0.0
315,MetaDrive-td3combine-expt_with_safe—reuse-rb,61,84.99875733803772,316486,1055,5117.083235025406,,10.698508262634277,34.54498291015625,0.0
316,MetaDrive-td3combine-expt_with_safe—reuse-rb,61,83.96618751920622,317165,1057,5130.466302871704,-25.922924041748047,23.075565338134766,25.367328643798828,0.0
317,MetaDrive-td3combine-expt_with_safe—reuse-rb,61,85.98967220861596,318285,1061,5152.417567014694,-33.05265808105469,13.809871673583984,32.35455322265625,0.0
318,MetaDrive-td3combine-expt_with_safe—reuse-rb,61,86.20805189191145,319286,1062,5172.076900005341,,9.988500595092773,29.604339599609375,0.0
319,MetaDrive-td3combine-expt_with_safe—reuse-rb,61,86.02011672271986,320029,1065,5185.3724319934845,-27.657333374023438,11.911370277404785,26.918701171875,0.0
320,MetaDrive-td3combine-expt_with_safe—reuse-rb,61,86.97910776264288,321358,1070,5210.431529998779,,9.330999374389648,29.711727142333984,0.0
321,MetaDrive-td3combine-expt_with_safe—reuse-rb,61,86.0772208949694,322079,1075,5223.578575134277,-33.093929290771484,18.520389556884766,33.6825065612793,0.0
322,MetaDrive-td3combine-expt_with_safe—reuse-rb,61,86.75783718436725,323310,1080,5249.962097167969,,23.753917694091797,33.224403381347656,0.0
323,MetaDrive-td3combine-expt_with_safe—reuse-rb,61,87.86839786205043,324087,1082,5266.875722885132,-32.72578048706055,17.621627807617188,32.77323532104492,0.0
324,MetaDrive-td3combine-expt_with_safe—reuse-rb,61,91.84263917767095,325400,1085,5292.094551086426,,17.1849365234375,28.862089157104492,0.01
325,MetaDrive-td3combine-expt_with_safe—reuse-rb,61,91.79716151906513,326076,1089,5304.840699911118,,7.073569297790527,29.260986328125,0.01
326,MetaDrive-td3combine-expt_with_safe—reuse-rb,61,90.59496630195383,327383,1093,5330.559993982315,-32.78034973144531,18.352283477783203,33.52617263793945,0.01
327,MetaDrive-td3combine-expt_with_safe—reuse-rb,61,90.4309806021842,328584,1095,5356.162797927856,,11.374011993408203,32.87532043457031,0.01
328,MetaDrive-td3combine-expt_with_safe—reuse-rb,61,91.36005689826587,329066,1096,5368.165154933929,,7.865079879760742,28.836742401123047,0.01
329,MetaDrive-td3combine-expt_with_safe—reuse-rb,61,89.8709868494084,330115,1102,5387.579163789749,-32.330814361572266,9.297724723815918,32.0485954284668,0.01
330,MetaDrive-td3combine-expt_with_safe—reuse-rb,61,90.47505221273559,331225,1106,5409.989308834076,-32.28315353393555,17.421112060546875,32.93977355957031,0.01
331,MetaDrive-td3combine-expt_with_safe—reuse-rb,61,89.83853276453628,332015,1109,5425.659991025925,-28.194259643554688,8.827653884887695,27.873979568481445,0.01
332,MetaDrive-td3combine-expt_with_safe—reuse-rb,61,91.86847623653371,333121,1112,5449.598337888718,-32.24712371826172,71.10482025146484,31.162796020507812,0.01
333,MetaDrive-td3combine-expt_with_safe—reuse-rb,61,90.52151642258235,334236,1117,5470.685340881348,,9.641260147094727,27.94809341430664,0.01
334,MetaDrive-td3combine-expt_with_safe—reuse-rb,61,91.61952631058986,335171,1119,5490.370381116867,-34.34210205078125,8.6964750289917,34.519874572753906,0.01
335,MetaDrive-td3combine-expt_with_safe—reuse-rb,60,94.0689129032803,336172,1120,5517.472561120987,,11.637855529785156,31.845218658447266,0.01
336,MetaDrive-td3combine-expt_with_safe—reuse-rb,60,93.1051119081504,337122,1125,5536.60812997818,,9.623687744140625,34.28337860107422,0.01
337,MetaDrive-td3combine-expt_with_safe—reuse-rb,60,92.64523819466673,338104,1130,5557.180476903915,,9.118734359741211,30.061185836791992,0.01
338,MetaDrive-td3combine-expt_with_safe—reuse-rb,60,94.9559590857293,339436,1133,5584.706166982651,,16.795761108398438,27.775081634521484,0.01
339,MetaDrive-td3combine-expt_with_safe—reuse-rb,60,96.30307694452294,340043,1134,5598.269276857376,-32.849361419677734,10.124834060668945,31.439298629760742,0.01
340,MetaDrive-td3combine-expt_with_safe—reuse-rb,60,98.03088471160159,341565,1138,5626.97433590889,-33.237003326416016,10.276424407958984,33.59830856323242,0.01
341,MetaDrive-td3combine-expt_with_safe—reuse-rb,60,99.43578849648792,342647,1140,5651.091333150864,-31.58517074584961,9.250398635864258,31.995641708374023,0.01
342,MetaDrive-td3combine-expt_with_safe—reuse-rb,60,100.51823974508785,343386,1142,5666.320982933044,,11.238977432250977,27.44864273071289,0.01
343,MetaDrive-td3combine-expt_with_safe—reuse-rb,60,99.58441683716934,344135,1145,5680.028877019882,-35.37443161010742,9.906408309936523,34.15089416503906,0.01
344,MetaDrive-td3combine-expt_with_safe—reuse-rb,60,101.81931748039469,345196,1147,5702.16304898262,,8.300466537475586,33.795249938964844,0.01
345,MetaDrive-td3combine-expt_with_safe—reuse-rb,60,101.85800923611427,346168,1150,5721.996486186981,,42.93968963623047,34.52695846557617,0.01
346,MetaDrive-td3combine-expt_with_safe—reuse-rb,60,100.94811775967811,347035,1154,5738.6731650829315,-32.38222122192383,17.709457397460938,32.258338928222656,0.01
347,MetaDrive-td3combine-expt_with_safe—reuse-rb,60,99.19460921437778,348451,1158,5765.384511947632,-28.935501098632812,10.301283836364746,29.562280654907227,0.01
348,MetaDrive-td3combine-expt_with_safe—reuse-rb,60,101.36167069240705,349816,1161,5793.358731985092,,9.416624069213867,26.40552520751953,0.01
349,MetaDrive-td3combine-expt_with_safe—reuse-rb,60,102.45623604801807,350293,1162,5805.587942838669,-32.38810348510742,11.180429458618164,31.5806884765625,0.01
350,MetaDrive-td3combine-expt_with_safe—reuse-rb,60,102.15981919963446,351099,1165,5820.5519280433655,-34.206748962402344,9.208959579467773,33.790306091308594,0.01
351,MetaDrive-td3combine-expt_with_safe—reuse-rb,60,103.16501119166382,352050,1168,5837.55407500267,,7.397874355316162,27.171354293823242,0.01
352,MetaDrive-td3combine-expt_with_safe—reuse-rb,60,104.058440399585,353105,1170,5861.608244895935,-30.75403594970703,50.10087203979492,30.776657104492188,0.01
353,MetaDrive-td3combine-expt_with_safe—reuse-rb,60,106.34948219279995,354021,1173,5879.814006090164,-36.111961364746094,15.647712707519531,35.36212158203125,0.01
354,MetaDrive-td3combine-expt_with_safe—reuse-rb,60,108.94517914905099,355110,1176,5901.835175991058,,11.590063095092773,30.932621002197266,0.01
355,MetaDrive-td3combine-expt_with_safe—reuse-rb,60,105.84860158329347,356014,1182,5918.802845954895,,12.217684745788574,32.626590728759766,0.01
356,MetaDrive-td3combine-expt_with_safe—reuse-rb,60,103.26590134058887,357183,1186,5938.9561150074005,-32.61855697631836,14.803435325622559,32.4254150390625,0.01
357,MetaDrive-td3combine-expt_with_safe—reuse-rb,60,103.86628984201484,358091,1190,5957.177869081497,-34.55998992919922,33.88328170776367,33.95551300048828,0.01
358,MetaDrive-td3combine-expt_with_safe—reuse-rb,60,101.996399424889,359041,1196,5976.272167921066,-32.923892974853516,17.736818313598633,33.5996208190918,0.01
359,MetaDrive-td3combine-expt_with_safe—reuse-rb,60,104.74370422446174,360449,1199,6005.895522117615,-33.786468505859375,11.464313507080078,32.67046356201172,0.01
360,MetaDrive-td3combine-expt_with_safe—reuse-rb,59,105.56664915123207,361050,1202,6019.596974134445,,10.325569152832031,30.475540161132812,0.01
361,MetaDrive-td3combine-expt_with_safe—reuse-rb,59,104.98125728981384,362280,1205,6045.39737701416,,15.103913307189941,28.078845977783203,0.01
362,MetaDrive-td3combine-expt_with_safe—reuse-rb,59,103.78923968009013,363257,1209,6065.570165872574,-32.0843620300293,21.414600372314453,31.413734436035156,0.01
363,MetaDrive-td3combine-expt_with_safe—reuse-rb,59,103.66905602146328,364090,1213,6084.389773130417,,18.339170455932617,36.58677291870117,0.01
364,MetaDrive-td3combine-expt_with_safe—reuse-rb,59,104.66378978320407,365097,1217,6106.0685930252075,-32.98680877685547,7.189684867858887,32.68194580078125,0.01
365,MetaDrive-td3combine-expt_with_safe—reuse-rb,59,99.4594555334679,366032,1224,6124.517338991165,,11.629072189331055,29.544498443603516,0.01
366,MetaDrive-td3combine-expt_with_safe—reuse-rb,59,101.47888586339151,367030,1228,6144.4553871154785,,5.264913558959961,34.159244537353516,0.01
367,MetaDrive-td3combine-expt_with_safe—reuse-rb,59,102.48676568636697,368069,1231,6167.286211013794,-33.318790435791016,8.94531536102295,31.893274307250977,0.01
368,MetaDrive-td3combine-expt_with_safe—reuse-rb,59,99.75533760356183,369273,1236,6190.9741859436035,-38.409664154052734,8.609407424926758,37.40668869018555,0.01
369,MetaDrive-td3combine-expt_with_safe—reuse-rb,59,95.19110509551575,370090,1240,6207.832018852234,,11.33094596862793,30.720069885253906,0.01
370,MetaDrive-td3combine-expt_with_safe—reuse-rb,59,95.89105806623924,371091,1241,6233.951833963394,-24.759971618652344,17.14155387878418,23.71505355834961,0.01
371,MetaDrive-td3combine-expt_with_safe—reuse-rb,59,95.05028737778294,372300,1246,6260.623421907425,,6.948614120483398,31.437097549438477,0.01
372,MetaDrive-td3combine-expt_with_safe—reuse-rb,59,94.14170647252112,373071,1249,6276.644757986069,-32.50870132446289,12.87814712524414,32.02819061279297,0.01
373,MetaDrive-td3combine-expt_with_safe—reuse-rb,59,94.09965951327865,374151,1254,6298.848580121994,-32.47590637207031,8.954980850219727,31.394073486328125,0.01
374,MetaDrive-td3combine-expt_with_safe—reuse-rb,59,93.79519432228777,375652,1259,6332.635378837585,,14.898873329162598,34.30805206298828,0.01
375,MetaDrive-td3combine-expt_with_safe—reuse-rb,59,90.8494393628699,376057,1261,6340.101402997971,-34.353759765625,10.169836044311523,33.924171447753906,0.01
376,MetaDrive-td3combine-expt_with_safe—reuse-rb,59,87.12231181689185,377312,1268,6364.254609823227,,7.636866569519043,34.474090576171875,0.01
377,MetaDrive-td3combine-expt_with_safe—reuse-rb,59,86.06606788368538,378243,1272,6385.371253967285,-33.65129470825195,11.811677932739258,34.09874725341797,0.01
378,MetaDrive-td3combine-expt_with_safe—reuse-rb,59,84.73402696421637,379361,1276,6409.507581949234,-30.765634536743164,22.149913787841797,31.24286651611328,0.01
379,MetaDrive-td3combine-expt_with_safe—reuse-rb,59,85.88741268149727,380145,1280,6424.783684968948,-33.33413314819336,7.464221954345703,33.946468353271484,0.01
380,MetaDrive-td3combine-expt_with_safe—reuse-rb,59,88.64343191068299,381308,1282,6450.438421964645,,10.847381591796875,34.38774490356445,0.01
381,MetaDrive-td3combine-expt_with_safe—reuse-rb,59,92.15551489479827,382181,1283,6465.659294843674,-31.958175659179688,12.28875732421875,30.887710571289062,0.02
382,MetaDrive-td3combine-expt_with_safe—reuse-rb,59,91.39413748576776,383042,1285,6485.836544036865,,17.337093353271484,28.226728439331055,0.01
383,MetaDrive-td3combine-expt_with_safe—reuse-rb,59,93.18788507715566,384072,1288,6507.950523853302,,9.716691970825195,32.406185150146484,0.01
384,MetaDrive-td3combine-expt_with_safe—reuse-rb,58,93.38545967721583,385238,1291,6530.717658996582,,18.038331985473633,36.04548263549805,0.01
385,MetaDrive-td3combine-expt_with_safe—reuse-rb,58,94.28257684924178,386013,1293,6549.164577007294,-26.95012092590332,8.263900756835938,26.692718505859375,0.01
386,MetaDrive-td3combine-expt_with_safe—reuse-rb,58,96.22637849918489,387678,1297,6580.07524394989,,10.398460388183594,29.372028350830078,0.01
387,MetaDrive-td3combine-expt_with_safe—reuse-rb,58,95.08176045666511,388070,1298,6588.4901649951935,,10.962774276733398,31.008588790893555,0.01
388,MetaDrive-td3combine-expt_with_safe—reuse-rb,58,95.13391128965513,389112,1302,6607.9075791835785,,12.288774490356445,32.363861083984375,0.01
389,MetaDrive-td3combine-expt_with_safe—reuse-rb,58,95.18419258101444,390229,1305,6627.3066120147705,-33.222679138183594,16.926496505737305,32.86397933959961,0.01
390,MetaDrive-td3combine-expt_with_safe—reuse-rb,58,98.44685658583245,391711,1307,6654.02303314209,-35.009918212890625,39.8864860534668,32.65969467163086,0.01
391,MetaDrive-td3combine-expt_with_safe—reuse-rb,58,100.29696206993611,392260,1308,6664.316931009293,,13.364355087280273,33.37127685546875,0.01
392,MetaDrive-td3combine-expt_with_safe—reuse-rb,58,98.21916664793622,393790,1313,6694.839262008667,,16.343944549560547,35.23202133178711,0.01
393,MetaDrive-td3combine-expt_with_safe—reuse-rb,58,97.84482266632399,394390,1315,6708.480806112289,,16.360971450805664,32.485191345214844,0.01
394,MetaDrive-td3combine-expt_with_safe—reuse-rb,58,99.73805900209364,395232,1318,6722.479004859924,,10.288368225097656,34.30279541015625,0.01
395,MetaDrive-td3combine-expt_with_safe—reuse-rb,58,102.02254618547494,396883,1322,6753.969475984573,-36.087528228759766,33.16065216064453,35.83195495605469,0.01
396,MetaDrive-td3combine-expt_with_safe—reuse-rb,58,101.86818870936253,397010,1323,6756.105108976364,,12.850605964660645,28.408512115478516,0.01
397,MetaDrive-td3combine-expt_with_safe—reuse-rb,58,102.88888414330351,398147,1326,6775.050789117813,-30.874561309814453,4.049908638000488,30.383798599243164,0.01
398,MetaDrive-td3combine-expt_with_safe—reuse-rb,58,103.81826750845892,399389,1329,6798.983305931091,-29.758848190307617,7.007311820983887,29.642662048339844,0.01
